index,time,state
14,1.398681909160893,True
119,11.88879622786759,False
